City,Country,Name,Job Title,Email,Phone,Department,Source URL,Notes
Berlin,Germany,Christian Gaebler,Senator für Stadtentwicklung Bauen und Wohnen,,,Senate Department for Urban Development Building and Housing,https://www.berlin.de/sen/stadt/,General contact: 115
Berlin,Germany,Petra Kahlfeldt,Senatsbaudirektorin,,,Senate Department for Urban Development,https://www.berlin.de/sen/stadt/,
Berlin,Germany,Alexander Slotty,Staatssekretär,,,Senate Department for Urban Development,https://www.berlin.de/sen/stadt/,
Berlin,Germany,Stephan Machulik,Staatssekretär,,,Senate Department for Urban Development,https://www.berlin.de/sen/stadt/,
Sheffield,UK,,,planning@sheffield.gov.uk,0114 203 9183,Planning Enquiries,https://www.sheffield.gov.uk/planning-development,"Address: Howden House, 1 Union Street, Sheffield S1 2SH"
London,UK,,,,115,Greater London Authority Planning,https://www.london.gov.uk/who-we-are/what-mayor-does/planning,General department contact
Riga,Latvia,,General Contact,riga@riga.lv,+371 67012222,Riga City Council,https://www.riga.lv/en/contacts,"General council contact, Address: Rātslaukums 1, Rīga, LV-1050"
Riga,Latvia,,Media/Communications,mediji@riga.lv,+371 67026049,Riga City Council,https://www.riga.lv/en/contacts,
Zagreb,Croatia,,General Administration,web-urednik@zagreb.hr,01/610 1111,City Administration,https://www.zagreb.hr/en/city-government-and-administration/119,"Address: Trg Stjepana Radića 1, 10000 Zagreb"
Zagreb,Croatia,,,,,Spatial Planning and Construction Department,https://www.zagreb.hr/kontakti/175280,Contact page in Croatian
Zagreb,Croatia,,,,,Strategic Planning Department,https://zagreb.hr/kontakti/175746,Contact page in Croatian
Zagreb,Croatia,Azra Sarić,"Head of Urban Development, Spatial Planning, Construction and Renewal",info-graditeljstvo-izgradnja@zagreb.hr,01/610-1168,Office for Construction and Spatial Planning,https://www.zagreb.hr/kontakti/175280,"Address: Trg Stjepana Radića 1/I, Zagreb"
Zagreb,Croatia,Dr. Irena Matković,Deputy Head (Architect),info-graditeljstvo-izgradnja@zagreb.hr,01/610-1166,Office for Construction and Spatial Planning,https://www.zagreb.hr/kontakti/175280,
Zagreb,Croatia,Štefica Mihalic,Deputy Head (Civil Engineer),info-graditeljstvo-izgradnja@zagreb.hr,01/610-1167,Office for Construction and Spatial Planning,https://www.zagreb.hr/kontakti/175280,
Strasbourg,France,,General Contact,,+33 (0)3 68 98 50 00,City and Eurometropole of Strasbourg,https://www.strasbourg.eu/contact,"Address: 1 parc de l'Étoile, 67076 Strasbourg Cedex, Contact forms available online"
Düsseldorf,Germany,,Urban Planning Department,planung@duesseldorf.de,0211-8991,Stadtplanungsamt,https://www.duesseldorf.de/stadtplanungsamt.html,"Address: Brinckmannstraße 5, 40225 Düsseldorf, By appointment only"
Hannover,Germany,,Planning and Urban Development Department,61@hannover-stadt.de,+49 511 168-42025,Fachbereich Planen und Stadtentwicklung,https://www.hannover.de,"Address: Rudolf-Hillebrecht-Platz 1, 30159 Hannover"
Eindhoven,Netherlands,,General Municipality Contact,,14 040 / +31 40 238 6000,Gemeente Eindhoven,https://www.eindhoven.nl/contact,"Address: Stadhuisplein 1A, 5611 EM Eindhoven, Hours: Weekdays 8:30-17:00"
Utrecht,Netherlands,,General Municipality Contact,,14 030 / +31 30 286 00 00,Municipality of Utrecht,https://www.utrecht.nl/contact/,"Address: Stadsplateau 1, 3521 AZ Utrecht"
Oslo,Norway,Vera Houck,Director,postmottak@pbe.oslo.kommune.no,21802180,Plan- og bygningsetaten (Planning and Building Authority),https://www.oslo.kommune.no/etater-foretak-og-ombud/plan-og-bygningsetaten/,"Visit: Vahls gate 1, 0187 Oslo, Post: Boks 364, Sentrum, 0102 Oslo"
Oslo,Norway,Atle Jan Larsen,Acting Communications Manager,atlejan.larsen@pbe.oslo.kommune.no,98236535,Plan- og bygningsetaten,https://www.oslo.kommune.no/etater-foretak-og-ombud/plan-og-bygningsetaten/,
Oslo,Norway,Rolf Rolid,Senior Communications Advisor,rolf.rolid@pbe.oslo.kommune.no,98266378,Plan- og bygningsetaten,https://www.oslo.kommune.no/etater-foretak-og-ombud/plan-og-bygningsetaten/,
Poznan,Poland,,Urban Planning and Architecture Department,mim@man.poznan.pl,61 646 33 44,Urbanistyka i architektura,https://www.poznan.pl/mim/main/kontakt.html,"Address: Plac Kolegiacki 17, 61-841 Poznań"
Poznan,Poland,,Development Department,dgr@um.poznan.pl,,Development Department,https://www.poznan.pl/mim/main/kontakt.html,
Poznan,Poland,,Investors Department,inwestor@um.poznan.pl,,Investors Department,https://www.poznan.pl/mim/main/kontakt.html,
Wroclaw,Poland,,General City Hall Information,,71 777 77 77,City Hall Information Center,https://www.wroclaw.pl,
Zaragoza,Spain,,Urban Planning Department,,976 721 100,Ayuntamiento de Zaragoza,https://www.zaragoza.es/sede/portal/urbanismo/,"Address: Vía Hispanidad 20, 50009 Zaragoza, Hours: 8:30-13:30"
Belfast,UK,,General Council Contact,,028 9032 0202,Belfast City Council Planning,https://www.belfastcity.gov.uk/planning,"Address: Belfast City Hall, Belfast, BT1 5GS"
Charleroi,Belgium,,General City Contact,info@charleroi.be,071 86 00 00,City of Charleroi,https://www.charleroi.be/contact,"Address: Place Vauban 14-15, 6000 Charleroi"
Brussels,Belgium,,General Contact,info@urban.brussels,+32 (0)2 432 83 00,Urban.brussels (Service public régional Bruxelles Urbanisme et Patrimoine),https://urbanisme.brussels/contact,"Address: Mont des Arts 10-13, 1000 Bruxelles"
Hamburg,Germany,Karen Pein,Senatorin - President of Authority for Urban Development and Housing,info@bsw.hamburg.de,115,Behörde für Stadtentwicklung und Wohnen,https://www.hamburg.de/stadtplanung/,"Address: Neuenfelder Straße 19, 21109 Hamburg"
Hamburg,Germany,Jacqueline Charlier,Staatsrätin - State Councilor,info@bsw.hamburg.de,115,Behörde für Stadtentwicklung und Wohnen,https://www.hamburg.de/stadtplanung/,
Hamburg,Germany,Dipl.-Ing. Franz-Josef Höing,Oberbaudirektor - Chief Building Director,info@bsw.hamburg.de,115,Behörde für Stadtentwicklung und Wohnen,https://www.hamburg.de/stadtplanung/,
Munich,Germany,Elisabeth Merk,Stadtbaurätin - City Planning Director,plan@muenchen.de,(089) 233 96484,Referat für Stadtplanung und Bauordnung,https://www.muenchen.de/rathaus/Stadtverwaltung/Referat-fuer-Stadtplanung-und-Bauordnung.html,"Address: Blumenstraße 19, München"
Munich,Germany,,Service Center,plan.ha4-beratungszentrum@muenchen.de,(089) 233 96484,Lokalbaukommission Service Center,https://www.muenchen.de/rathaus/Stadtverwaltung/Referat-fuer-Stadtplanung-und-Bauordnung.html,
Munich,Germany,,Housing Development Promotion,plan.ha3-13@muenchen.de,(089) 233 28028,Wohnungsbauförderung,https://www.muenchen.de/rathaus/Stadtverwaltung/Referat-fuer-Stadtplanung-und-Bauordnung.html,
Munich,Germany,,Press Office,presse.plan@muenchen.de,(089) 233-20473,Pressestelle,https://www.muenchen.de/rathaus/Stadtverwaltung/Referat-fuer-Stadtplanung-und-Bauordnung.html,"Staff: Alexandra Kürschner, Ingo Trömer, Thorsten Vogel"
Turin,Italy,Emanuela Canevaro,Direttore Dipartimento Urbanistica ed Edilizia Privata,emanuela.canevaro@comune.torino.it,011 011 30456,Dipartimento Urbanistica ed Edilizia Privata,https://www.comune.torino.it/urbanistica/,"Address: via Meucci, 4, 10121 Torino"
Turin,Italy,Teresa Pochettino,Dirigente Divisione Urbanistica,teresa.pochettino@comune.torino.it,011 011 30724,Divisione Urbanistica e Qualità dell'Ambiente Costruito,https://www.comune.torino.it/urbanistica/,
Turin,Italy,Maria Antonietta Moscariello,Dirigente Servizio Pianificazioni Esecutive,mariaantonietta.moscariello@comune.torino.it,011 011 30424,Servizio Pianificazioni Esecutive,https://www.comune.torino.it/urbanistica/,
Turin,Italy,Daniela Cevrero,Dirigente Servizio Nuovo Piano Regolatore,daniela.cevrero@comune.torino.it,011 011 30426,Servizio Nuovo Piano Regolatore,https://www.comune.torino.it/urbanistica/,
Turin,Italy,Anna Franca Petruzzi,Dirigente Servizio Convenzioni,anna.petruzzi@comune.torino.it,011 011 30818,Servizio Convenzioni,https://www.comune.torino.it/urbanistica/,
Valencia,Spain,Juan Manuel Giner Corell,Titular del Área de Urbanismo (Fourth Deputy Mayor),informacion@valencia.es,963 52 54 78,Área de Urbanismo Vivienda y Licencias,https://www.valencia.es/ayuntamiento/urbanismo.nsf,"Address: Plaça de l'Ajuntament nº 1, 46002 València"
Seville,Spain,Juan de la Rosa Bonsón,Delegado del Área de Urbanismo,,955 476 421,Área de Urbanismo Protección Ambiental Patrimonio y Vivienda,https://www.sevilla.org/ayuntamiento/areas/area-de-urbanismo,"Address: Plaza Nueva 1, 41001 Sevilla"
Porto,Portugal,,General Contact,geral@cm-porto.pt,220 100 220,Câmara Municipal do Porto - Urbanismo,https://www.cm-porto.pt/urbanismo,"Address: Praça General Humberto Delgado, 4049-001 Porto"
Milan,Italy,,Contact Center,,020202,Comune di Milano - Pianificazione e governo del territorio,https://www.comune.milano.it/aree-tematiche/urbanistica-ed-edilizia,"Address: Piazza della Scala 2, 20121 Milano"
Budapest,Hungary,Erő Zoltán,Department Head - Urban Planning,ero.zoltan@budapest.hu,+36 (1) 327-1153,Várostervezési Főosztály (Urban Planning Department),https://budapest.hu/en/city-hall/urban-planning,"Address: 1052 Budapest, Városház utca 9-11."
Budapest,Hungary,Dr. Benda Mónika,Deputy Clerk for Development and Operations,dr.bendamonika@budapest.hu,+36 1 327 1957,Budapest City Hall,https://budapest.hu/en/city-hall/urban-planning,
Budapest,Hungary,Albrecht Ute,Managing Director,bfvt@bfvt.hu,+36 1 317 53 18,Budapest Főváros Városépítési Tervező Kft. (BFVT),https://budapest.hu/en/city-hall/urban-planning,"Address: 1061 Budapest, Andrássy út 10."
